time_tick,acc_X_value,acc_Y_value,acc_Z_value,acc_A_value,acc_B_value,acc_C_value
0.022014,0.207255,3.604001,-9.203191,-1.731369,4.169801,-8.691113
0.05535,0.44848,3.660266,-9.156802,-1.597887,4.159775,-8.690664
0.088655,0.395656,3.653233,-9.06103,-1.545812,4.1493,-8.717899
0.12201,0.392513,3.712043,-9.084374,-1.488648,4.112338,-8.702186
0.155351,0.351661,3.709798,-9.126125,-1.564068,4.119521,-8.693507
0.188714,0.315896,3.694984,-9.131811,-1.564816,4.122065,-8.672707
0.222127,0.340138,3.699174,-9.12807,-1.590705,4.179976,-8.731367
0.255373,0.23883,3.681067,-9.122833,-1.524413,4.146606,-8.717001
0.288704,0.316495,3.682414,-9.193165,-1.530997,4.168753,-8.693058
0.322044,0.380392,3.797489,-9.116847,-1.43747,4.11563,-8.740345
0.355373,0.344927,3.743468,-9.181343,-1.488798,4.130594,-8.742291
0.388714,0.333105,3.764119,-9.175806,-1.627517,4.153041,-8.682433
0.422039,0.346423,3.740774,-9.143783,-1.585317,4.142416,-8.692011
0.455373,0.202766,3.752596,-9.149619,-1.549104,4.122663,-8.684977
0.488714,0.376202,3.751249,-9.131063,-1.762944,4.145708,-8.643975
0.522036,0.368122,3.736135,-9.127771,-1.6344,4.155136,-8.663578
0.555371,0.384732,3.701568,-9.057289,-1.25745,4.082709,-8.818608
0.588744,0.345226,3.815745,-9.155305,-1.386891,4.075376,-8.775511
0.622069,0.387126,3.775342,-9.146626,-1.524712,4.053229,-8.790326
0.655374,0.43157,3.748257,-9.102332,-1.493586,4.050685,-8.753663
0.688736,0.387126,3.756637,-9.119391,-1.506156,4.067295,-8.731516
0.722064,0.333704,3.757085,-9.139593,-1.631108,4.046196,-8.744535
0.755401,0.326521,3.76756,-9.162787,-1.585617,4.060561,-8.743637
0.788675,0.082753,3.819487,-9.269034,-1.695455,4.067445,-8.718647
0.822012,0.131237,3.867223,-9.294323,-1.711766,4.058466,-8.698595
0.855358,0.627004,3.764867,-9.110412,-1.620633,3.983196,-8.690065
0.888679,-0.092779,3.640514,-9.122683,-1.408589,4.042903,-8.766084
0.922009,0.590641,3.75514,-9.014192,-1.769977,3.987835,-8.75531
0.955373,0.697486,3.249646,-8.339152,-1.5925,4.008037,-8.756207
0.988709,0.255141,3.681815,-9.065968,-1.523515,4.015968,-8.752766
1.022038,0.421993,3.789708,-9.041277,-1.316559,4.031531,-8.917223
1.055435,0.409722,3.891465,-9.08632,-1.443755,4.014621,-8.798257
1.088707,0.32278,3.857346,-9.108168,-1.568408,4.000405,-8.757255
1.122008,0.298837,3.892662,-9.091707,-1.535935,4.012227,-8.744984
1.155317,0.359592,3.882636,-9.096944,-1.574244,4.055922,-8.729421
1.188716,0.359891,3.898049,-9.101883,-1.560477,4.024198,-8.762193
1.222009,0.22207,3.834451,-9.107569,-1.597887,4.027191,-8.80948
1.255366,0.42334,3.824275,-9.067465,-1.662084,4.084953,-8.731965
1.288706,0.240925,3.772349,-9.066417,-1.526059,4.043053,-8.785986
1.322047,0.476762,3.808114,-9.108916,-1.484608,4.030932,-8.814568
1.355375,0.36902,3.790306,-9.10308,-1.573795,4.008635,-8.83043
1.388791,0.484544,3.744515,-9.063275,-1.519774,4.062507,-8.662232
1.422041,0.380243,3.805121,-9.093054,-1.196096,4.045597,-8.687521
1.455371,0.40643,3.797788,-9.110263,-1.386891,4.04844,-8.731067
1.488709,0.428278,3.800332,-9.117595,-1.358908,4.041706,-8.765934
1.522031,0.283723,3.821881,-9.126723,-1.254606,4.028538,-8.775661
1.55537,0.157424,3.777587,-9.114902,-1.481764,4.027041,-8.826689
1.588705,0.3982,3.787762,-9.071804,-1.73496,4.001303,-8.808133
1.62204,0.196182,3.81365,-9.146327,-1.578583,4.036918,-8.771022
1.655355,0.561909,3.83071,-9.073301,-1.610008,4.042604,-8.686773
1.688685,0.27669,3.829213,-9.11954,-1.556436,4.058167,-8.851081
1.722046,0.325773,3.772648,-9.093503,-1.458719,3.958206,-8.765635
1.755378,0.27669,3.835947,-9.115799,-1.394074,3.999507,-8.805141
1.788708,0.444589,3.850463,-9.06522,-1.489396,4.033177,-8.847789
1.822041,0.086494,3.808712,-9.17416,-1.532194,4.032728,-8.892532
1.855504,0.307965,3.848966,-9.061479,-1.445252,4.027191,-8.998629
1.888738,0.304972,3.791653,-9.106522,-1.502714,4.142266,-8.986059
1.922015,0.633139,3.881289,-9.08198,-1.485506,4.214993,-8.886696
1.955329,0.262623,3.801978,-9.106522,-1.686626,3.002137,-9.46761
1.988675,0.337594,3.857197,-9.106222,-1.899119,1.739899,-10.412904
2.021907,0.359742,3.845524,-9.078538,-2.912501,0.219227,-10.562398
2.055322,0.41915,3.877847,-9.055493,-1.50885,-1.072042,-9.454591
2.088677,0.281179,3.871113,-9.106671,-2.645687,-0.727714,-9.412691
2.122161,0.413164,3.862584,-9.06118,-1.931142,0.225662,-9.638203
2.155359,0.287165,3.869318,-9.131063,-1.337359,3.164499,-10.633029
2.188737,0.349865,3.840886,-9.054446,-0.010774,5.386697,-10.508077
2.222107,0.102655,3.844028,-9.184635,0.075869,3.875603,-8.410532
2.255349,0.471675,3.845973,-9.034843,-1.122023,4.465794,-9.528664
2.288708,0.235688,3.794496,-9.137797,-1.25745,4.617233,-8.918121
2.322022,0.359891,3.817242,-9.025415,-0.940656,4.235344,-8.042261
2.355393,0.189897,3.892063,-9.199749,-1.522916,4.870728,-7.899651
2.388781,0.217581,3.8138,-9.142286,-0.455812,5.672814,-6.80636
2.422012,0.440549,3.753943,-8.976033,0.160118,6.588031,-5.757512
2.45558,0.572235,3.829363,-9.132559,-0.008829,11.076272,-1.661186
2.488678,0.305272,3.729701,-8.98157,-12.098034,5.844605,-15.253405
2.521807,0.124653,3.454058,-10.331349,2.021676,0.649301,-6.91934
2.555328,0.07108,3.679421,-10.306209,-4.603316,3.804223,-8.76773
2.588681,-1.628415,6.697869,-11.382142,-1.506007,3.073068,-9.150367
2.622007,-2.833788,6.891207,-16.454439,-1.404249,3.592628,-8.901062
2.655355,-2.986424,2.901876,-9.799668,-0.895763,3.618965,-9.091557
2.688673,-2.257663,2.211723,-7.400891,-1.693509,3.902987,-8.796312
2.722009,1.152999,3.635725,-8.156887,-1.753217,4.031381,-8.691113
2.755354,3.514065,3.096262,-7.585401,-1.360404,3.876949,-8.84749
2.788705,6.971715,2.536448,-8.798706,-1.375518,3.887724,-8.881309
2.821483,7.3551,1.486703,-7.669949,-1.318803,3.765914,-8.993691
2.855344,7.248854,1.6766,-7.818395,-1.097781,3.841484,-8.925753
2.888678,6.749795,1.835371,-8.441658,-1.037624,3.817541,-8.931739
2.922012,5.060176,2.379472,-8.706676,-1.380755,3.814249,-8.820105
2.955343,3.848517,2.759865,-8.932337,-0.999166,3.747059,-8.914829
2.988718,3.243661,4.277843,-10.124991,-1.138484,3.756487,-8.95628
3.021698,1.558681,5.72519,-8.598184,-1.555389,3.936956,-8.79721
3.055341,0.72517,7.411965,-9.422418,-1.333768,3.818738,-8.907796
3.088674,-2.437983,8.011883,-8.217193,-1.246526,3.860489,-8.890287
3.122035,-0.790713,7.84563,-7.515518,-1.108555,3.743019,-8.857366
3.155341,1.233507,7.38443,-6.268244,-1.474582,4.028089,-8.838511
3.188772,2.250031,8.2564,-7.538263,-1.218692,3.921094,-8.929045
3.222009,0.148895,7.348367,-6.812645,-1.061717,3.775342,-8.932187
3.255345,-0.283723,7.016458,-7.672493,-1.507503,4.128799,-8.831328
3.288768,0.911774,6.455297,-8.370278,-1.350827,4.042155,-8.900014
3.322013,0.614284,8.039567,-9.780364,-1.298452,3.951621,-8.735856
3.355343,0.512377,6.255075,-7.489629,-1.304288,4.031531,-8.799305
3.388695,-1.440164,4.759394,-10.059448,-1.429988,4.068492,-8.715056
3.422017,0.550237,3.897899,-8.970646,-0.97253,4.090789,-8.772967
3.455343,1.8858,4.142117,-9.394883,-1.68064,4.136131,-8.826689
3.487862,0.686263,3.792551,-8.910938,-1.517529,4.22053,-8.913183
3.52159,0.671598,4.106651,-9.213516,-0.702274,4.14496,-8.894477
3.555343,0.308115,4.017165,-9.216958,-1.119329,4.012526,-8.837613
3.588681,0.535422,3.899546,-8.962864,-2.684894,3.196224,-9.101883
3.622046,0.303476,3.943541,-9.157101,-4.504851,2.600645,-8.873976
3.655345,0.230151,3.901641,-9.075695,-6.991169,-0.955321,-9.798471
3.688696,0.447582,3.980502,-9.009254,-0.795502,3.568386,-9.231174
3.7221,0.327868,3.995616,-9.108766,1.58023,3.459595,-9.561586
3.755342,0.374407,3.954614,-9.058486,0.086494,3.660865,-9.376627
3.788692,0.228954,3.949826,-9.059683,-1.75202,1.559878,-9.76914
3.822002,0.35615,3.960301,-9.060431,-1.1735,2.57311,-9.799817
3.855378,0.376053,3.943092,-8.959722,-1.551199,0.583159,-10.856446
3.888706,0.287015,3.975115,-9.135702,-1.992047,-2.508914,-11.708663
3.922041,0.543653,3.902688,-8.979924,-2.759266,-0.19708,-13.024922
3.954469,0.210847,3.904184,-9.001173,-1.873829,-2.96727,-12.617594
3.988676,0.416456,4.001153,-9.114004,-2.435589,-3.65024,-11.647309
4.021459,0.476164,3.935011,-8.967354,-2.098742,-0.030378,-13.689187
4.055343,0.303177,3.91032,-9.009254,-1.74768,-0.379943,-9.700454
4.088719,0.479606,3.999507,-9.079586,-2.139744,0.924644,-8.581873
4.122098,0.373658,3.948628,-9.023021,-3.720423,3.729102,-6.952112
4.155434,0.413912,3.943241,-9.09859,3.280622,9.390843,-8.310122
4.188768,0.019753,4.165611,-9.131512,10.715482,28.147539,11.63863
4.221204,1.148659,3.702615,-9.089612,-15.547304,15.655645,-21.713192
4.255443,-0.147847,1.540873,-11.931481,-19.944711,12.210266,-8.871881
4.28877,3.849714,9.287889,-12.078879,15.358005,7.008677,-11.419852
4.322097,-3.519452,8.619883,-17.316083,-0.509085,3.282119,-9.676811
4.35533,-3.672836,3.722219,-6.591772,-1.468147,2.825857,-8.938622
4.388681,-3.541151,5.906856,-7.729806,-2.068814,4.852771,-8.87667
4.422007,0.254992,4.863096,-9.600493,-2.661699,3.760078,-8.126959
4.455341,2.223545,3.674183,-8.612251,-3.191884,3.701867,-7.621166
4.488675,4.15334,3.592179,-7.568042,-1.975437,4.65614,-8.718647
4.521304,5.686282,3.038949,-7.44339,-1.653704,4.320342,-8.760397
4.555346,5.448051,2.894095,-7.453266,-1.334366,4.476868,-8.945356
4.588678,2.474196,3.833852,-7.755545,-2.217708,4.565157,-8.470838
4.622074,0.95577,4.634741,-7.346571,-2.354482,4.424194,-8.265827
4.655344,1.162726,5.645879,-7.136173,-2.217708,4.206912,-8.435373
4.688696,0.901748,5.857773,-7.202465,-2.671725,4.296548,-8.171852
4.722084,1.179336,6.126981,-7.171489,-2.262601,4.482106,-8.424
4.755345,1.130702,7.108489,-8.047199,-2.526123,4.373165,-8.209562
4.788691,0.077814,6.499592,-7.74492,-2.050857,4.516374,-8.488347
4.822004,-0.191992,6.187586,-8.231709,-2.042177,4.423595,-8.421157
4.855347,0.140664,5.969257,-8.570052,-2.419128,4.320342,-8.350825
4.888659,0.103403,5.778313,-8.167213,-2.545277,4.417609,-8.233954
4.922078,0.921501,5.542475,-7.911323,-1.924408,4.468937,-8.605218
4.955361,1.651609,5.902965,-7.972378,-2.42676,4.302684,-8.355015
4.988674,1.030441,5.500127,-7.947836,-2.30106,4.348474,-8.260141
5.021229,1.126961,5.911046,-9.057738,-2.093954,4.172644,-8.538926
5.055352,0.56984,5.579587,-7.871069,-1.81038,4.07792,-8.614944
5.088699,0.419599,4.892127,-8.468145,-1.795416,4.386783,-8.499121
5.122475,0.724422,4.389925,-9.64763,-1.987109,4.262879,-8.644424
5.155359,0.266364,4.941659,-9.048011,-1.095835,3.98978,-9.192267
5.188653,0.328466,5.493093,-8.422055,-1.423104,3.793598,-9.04412
5.222236,0.643764,5.429944,-8.577983,-1.636944,3.901192,-8.770423
5.255341,0.517016,5.543074,-8.413824,-1.493437,3.887424,-8.858713
5.288683,1.370879,4.229209,-7.934518,-1.385694,3.909871,-8.914679
5.322008,0.934819,4.923103,-8.528451,-1.404998,3.869617,-8.895974
5.355399,-0.889627,6.811897,-7.621465,-1.235751,3.94384,-8.924556
5.388698,-1.442708,6.633971,-11.246565,-1.262986,4.101264,-8.810378
5.422139,1.501218,3.455854,-9.550961,-1.538329,4.084504,-8.858862
5.455344,1.637243,3.164948,-9.096645,-1.853926,3.77205,-9.09051
5.488669,-1.040617,4.074329,-9.752979,-2.125079,4.017614,-8.844197
5.52154,1.6766,3.708152,-8.750671,-1.435974,4.335605,-8.973339
5.555341,-0.330262,3.546538,-9.12792,-1.450489,4.187608,-9.459529
5.588685,0.595878,3.79689,-9.096795,-2.031553,4.315104,-9.912498
5.622001,0.530634,3.820085,-9.088115,-2.790691,1.962418,-11.220079
5.655377,0.273697,3.810358,-9.112657,-2.362563,-2.100388,-9.191668
5.688679,0.50295,3.881139,-9.129866,-2.976249,-1.18188,-10.359482
5.722012,0.427081,3.853605,-9.09036,-1.720744,-0.262773,-10.00827
5.755343,0.413164,3.831458,-9.087367,-1.343494,1.014729,-10.201309
5.788683,0.537966,3.837893,-9.060282,-2.030954,1.126512,-9.855784
5.822033,0.490979,3.866774,-9.073899,-2.603638,0.968938,-9.310186
5.855347,0.518662,3.860489,-9.059085,-2.781264,2.555303,-10.640362
5.888677,0.552182,3.763071,-9.06956,-3.754392,4.209157,-10.581851
5.92201,0.328317,3.825323,-9.041128,-0.353756,3.768159,-9.427206
5.955345,0.481551,3.844327,-9.111011,-3.091324,6.042433,-10.679419
5.988677,0.556672,3.846722,-9.068662,-2.028709,4.954229,-8.258794
6.022011,0.39835,3.848966,-9.051303,-1.506156,3.281071,-6.065777
6.055245,0.537069,3.923189,-9.019729,-1.937727,5.353327,-9.499334
6.088676,0.526594,4.006989,-9.0944,-4.53059,6.357132,-7.797595
6.122028,0.568194,3.982597,-9.041876,0.820642,4.670057,-6.799177
6.155183,0.621916,3.909572,-9.019429,-1.32868,6.492409,-6.655071
6.188675,0.027385,4.346828,-9.205585,-4.426887,5.133651,-3.123348
6.221419,0.898307,3.947731,-9.017334,1.846145,15.56975,4.075825
6.25466,0.943648,3.824425,-10.265656,-9.673668,26.463757,-24.191877
6.287881,0.899653,2.898135,-11.007286,1.93219,2.48542,-10.986037
6.322013,3.48279,6.005321,-8.399159,-6.17771,3.71728,-9.207082
6.35534,-4.472678,0.496964,-17.851206,-2.853392,4.035571,-8.710716
6.388677,-3.076659,6.098848,-7.764075,-1.239044,3.876501,-8.980522
6.422008,-0.962952,4.894372,-8.747977,-1.454081,4.107998,-8.707125
6.455343,-1.79377,4.675145,-9.821067,-2.474047,4.024198,-8.391677
6.488676,-1.494185,3.901341,-8.861257,-1.451387,4.074777,-8.76354
6.52201,1.977532,3.657274,-7.680724,-2.001474,4.181024,-8.827437
6.555157,3.65443,4.229359,-7.681172,-0.908931,3.8976,-8.932786
6.588651,2.143186,4.811619,-8.180232,-1.155543,3.841783,-9.040379
6.621409,1.362948,5.182584,-6.847362,-1.163175,3.876052,-8.743787
6.655342,1.613151,5.429196,-7.048482,-1.519474,3.760976,-8.832376
6.688681,-0.126748,5.119584,-7.495316,-1.059472,4.139423,-8.923059
6.722009,0.306618,5.235109,-7.712298,-1.699345,4.281434,-8.883853
6.755346,0.448779,5.618644,-7.963848,-1.918123,4.195839,-8.709968
6.788675,0.670999,5.362006,-7.448328,-1.514985,3.996664,-8.919169
6.82201,1.253858,6.121893,-7.727113,-1.910492,3.830859,-8.537878
6.855344,1.585467,6.079394,-7.204709,-1.796913,4.237589,-8.70069
6.888676,1.328231,6.235322,-7.678778,-2.080187,4.43422,-8.306979
6.922008,1.00575,6.238614,-7.600515,-2.421373,4.420902,-8.188013
6.95535,1.087904,6.26989,-7.889475,-2.041878,4.420153,-8.339452
6.988674,0.225961,5.800759,-8.569752,-1.900615,4.306425,-8.546558
7.022007,0.228804,5.663686,-8.760098,-1.700991,4.110093,-8.764138
7.055348,0.17583,6.055451,-8.733761,-1.710569,4.232351,-8.76773
7.088686,-0.922998,6.345759,-8.849285,-1.927102,4.347128,-8.488347
7.121155,0.136474,5.730128,-8.628861,-1.948351,4.254648,-8.542966
7.155364,0.733699,5.390289,-8.111546,-1.795117,4.250608,-8.575588
7.188663,0.271752,5.359013,-8.75935,-1.864551,4.199879,-8.594892
7.221996,-0.79206,5.679099,-8.284383,-1.683184,4.265572,-8.639785
7.255343,-0.793257,6.083435,-8.523513,-1.560626,4.326776,-8.684678
7.288773,0.646757,5.686582,-7.902943,-1.725832,4.051283,-8.768328
7.322009,-0.020501,6.403521,-6.568727,-1.619286,4.278741,-8.592348
7.355344,-1.189212,7.81615,-7.069282,-1.64712,4.122962,-8.625868
7.388722,-1.041365,2.97146,-9.209925,-1.954487,4.177881,-8.608809
7.42155,3.204005,5.162682,-11.191048,-1.899717,4.158577,-8.71745
7.455341,1.34933,3.784021,-8.05528,-1.993394,4.075825,-8.759948
7.488747,-0.279683,3.830411,-9.050854,-2.004467,4.207361,-8.555686
7.52201,0.716191,3.778185,-9.193015,-1.771772,4.091837,-8.816065
7.555406,0.484694,3.987236,-9.068961,-1.617491,4.098122,-8.875473
7.588656,0.094275,3.834451,-9.154108,-1.955384,3.928277,-9.329639
7.621247,0.386228,3.862135,-9.093054,-2.289537,4.124758,-10.189188
7.655326,0.319188,3.864529,-9.105025,-3.94384,3.315938,-10.808411
7.688745,0.1887,3.891764,-9.120289,-6.060839,-2.095001,-12.907901
7.722012,0.342533,3.923189,-9.100087,-3.879344,-5.957136,-10.671487
7.755342,0.178823,3.872909,-9.106671,-2.4727,-1.581427,-12.192309
7.789246,0.323378,3.905382,-9.085123,-0.848775,0.319637,-11.189402
7.822011,0.246163,3.858244,-9.06956,-1.31611,1.234405,-10.576464
7.855342,0.291953,3.877249,-9.11146,-0.803583,1.021014,-9.806851
7.888999,0.20965,3.830261,-9.075695,-2.128072,6.787505,-12.086212
7.922013,0.250502,3.874406,-9.075994,-0.88439,4.944802,-8.580078
7.955342,0.18855,3.830411,-9.027211,-1.040617,4.833318,-7.372908
7.989017,0.0419,3.870066,-9.083477,-2.656462,8.220486,-7.499057
8.022017,0.369319,3.878895,-9.087966,-1.336461,7.692545,-5.2806
8.055346,0.164158,3.876351,-9.138844,-0.294647,9.289086,-4.648209
8.088714,0.260229,3.841334,-9.129417,-0.900851,9.626381,-1.951943
8.122013,0.885886,3.739428,-9.109215,2.997947,18.768069,4.844391
8.155341,0.236436,3.309204,-9.624585,-16.174308,23.589864,-21.569534
8.188652,0.515071,4.880006,-10.482788,7.867179,12.734764,-13.138052
8.222013,-0.354055,3.752596,-11.325726,-3.49551,7.01167,-9.330986
8.255361,1.167664,6.286949,-8.866943,-2.908011,4.739342,-8.807984
8.287836,-7.637028,10.834598,-13.519642,-1.68498,3.594873,-8.987855
8.321214,-2.226537,9.900826,-8.741692,-1.491491,3.797788,-8.707573
8.354558,0.792359,4.971737,-7.12046,-1.519325,4.000255,-8.773716
8.387866,3.21029,3.513467,-9.971308,-1.276155,3.865876,-8.947451
8.421288,0.196332,2.49365,-9.378273,-1.251464,3.98978,-8.94775
8.454549,2.319017,2.777523,-9.068812,-1.643678,3.946085,-8.777606
8.487894,2.89589,2.514899,-7.826027,-1.876074,4.039911,-8.690065
8.522009,3.516909,2.619051,-7.442791,-1.6763,4.039162,-8.674353
8.555343,1.999978,2.981037,-7.696735,-1.671961,4.061609,-8.697996
8.588674,1.97394,3.809012,-7.523299,-1.816815,4.056671,-8.424748
8.622118,2.170571,4.550492,-6.831649,-1.917076,4.178929,-8.50795
8.655015,3.068878,5.466307,-7.549038,-1.108705,3.805719,-8.927997
8.688308,2.710333,5.803004,-7.541256,-1.165569,3.908674,-9.015239
8.721991,0.854611,6.132368,-7.895461,-1.243832,3.89356,-8.9898
8.754771,-0.574779,6.422675,-8.105709,-1.463209,3.967483,-8.837464
8.788695,-0.361388,6.019836,-7.633137,-1.512441,3.980203,-8.839858
8.822029,0.954572,5.185128,-8.040615,-1.598187,3.988583,-8.76354
8.855342,1.409038,5.070651,-8.534586,-1.561823,3.867971,-8.765635
8.888675,1.037923,5.071998,-8.983964,-1.533691,3.809909,-8.779851
8.922011,0.052375,5.444759,-9.062078,-1.55479,3.850762,-8.796611
8.955341,0.062102,5.580784,-8.752317,-1.352323,3.680917,-8.879064
8.988677,1.037175,5.910747,-9.014641,-1.360254,3.786266,-8.861107
9.022013,0.687759,5.46092,-8.597436,-1.486852,3.907477,-8.865147
9.055342,0.257236,5.444609,-9.029904,-1.465753,3.968082,-8.852428
9.088675,0.436359,5.264589,-8.910639,-1.379409,3.863931,-8.875473
9.122013,0.464641,5.174503,-8.732564,-1.455427,3.861237,-8.843
9.155341,-0.550237,5.299455,-8.812922,-1.411881,3.702915,-8.807984
9.188674,-1.075634,5.653511,-9.17012,-1.495382,3.707703,-8.778355
9.22201,-0.467335,5.450146,-8.787782,-1.589358,3.784769,-8.832226
9.255345,0.261127,4.923103,-8.410831,-1.549253,3.877249,-8.858862
9.288679,1.495831,4.439757,-8.591451,-1.41652,3.765765,-8.790176
9.322007,1.057676,4.917716,-7.782331,-1.349181,3.853007,-8.892532
9.355342,0.463594,7.69075,-9.209626,-1.418615,3.878446,-8.883254
9.388683,2.358522,2.412394,-9.472249,-1.644277,3.907327,-8.818908
9.421211,0.286566,4.000106,-10.303366,-1.372375,3.944588,-8.892233
9.45534,0.915366,3.977659,-8.754861,-1.823998,3.86827,-8.914081
9.488676,1.618987,3.642609,-8.371775,-1.54656,3.882037,-8.933235
9.52201,0.015264,3.807216,-9.240452,-1.317457,3.956859,-8.918121
9.555345,0.798046,3.697677,-8.77207,-1.182479,4.005044,-8.814119
9.588674,0.078413,3.938453,-9.297017,-1.619436,3.9817,-8.785687
9.622009,0.397452,3.839539,-8.963313,-1.213155,4.236691,-8.811875
9.655347,0.171491,3.773546,-8.99384,-1.618089,3.87246,-8.909442
9.688706,0.429924,3.972272,-9.264245,-1.843601,4.290114,-8.590553
9.721994,0.285369,3.810358,-8.985311,-1.972893,4.23295,-8.615393
9.755342,0.36453,3.893261,-9.080484,-1.63021,3.877099,-8.610006
9.788648,0.271602,3.865427,-9.147823,-2.567424,4.478514,-8.912734
9.822014,0.270554,3.853156,-9.070757,-2.928363,4.675295,-9.155754
9.855342,0.1465,3.832206,-9.141388,-4.100666,4.095428,-9.489907
9.888684,0.260229,3.866175,-9.128519,-4.57264,0.939907,-11.008783
9.921872,0.278785,3.819786,-9.038883,-4.110243,-3.056756,-10.562547
9.955361,0.299136,3.873508,-9.139742,-2.841121,-3.174675,-11.0643
9.988226,0.324725,3.876351,-9.140191,-2.874791,-1.327932,-11.611096
10.022008,0.366625,3.821282,-9.066866,-1.680191,0.131686,-11.047391
10.055342,0.291205,3.820384,-9.122683,-1.455876,0.815105,-10.385669
10.088682,0.266364,3.775043,-9.103529,-0.72083,0.730407,-9.45519
10.122008,0.283124,3.814698,-9.105624,-0.647355,4.550642,-11.085101
10.155435,0.258882,3.81814,-9.13226,-1.69321,4.914723,-9.750585
10.188681,0.252448,3.811855,-9.088564,0.139318,2.626683,-6.112166
10.222025,0.227158,3.841484,-9.118194,-1.059622,8.320297,-7.320533
10.255322,0.610543,3.862584,-9.124778,-2.88766,17.092816,-8.771471
10.288722,0.137672,3.779532,-9.103678,2.946919,7.575076,-2.639402
10.321997,0.427829,3.875902,-9.110562,0.85506,7.252445,-0.484993
10.355326,0.210248,3.858693,-9.142436,-4.587753,10.815294,3.041942
10.388677,0.879901,3.082645,-8.505555,-15.366984,13.107974,-30.144225
10.422008,-1.008444,5.982276,-11.664668,-5.086813,-19.065409,-12.330728
10.455321,1.117982,2.10817,-11.120865,-4.034224,3.230342,-8.728075
10.488117,0.000599,4.018661,-9.251675,-0.795502,4.284577,-9.046664
10.522007,-1.208965,5.312923,-8.407988,-0.937812,3.741822,-9.051603
10.555727,0.426782,5.33926,-11.169948,-1.746632,4.032877,-8.723585
10.588668,0.006135,5.688527,-8.999826,-2.136153,3.948479,-8.55404
10.622009,-0.415708,5.734018,-7.064644,-1.566911,3.889819,-8.812772
10.655465,0.30168,5.401213,-7.358991,-1.681687,3.928127,-8.7173
10.688679,-0.43606,4.980267,-8.090596,-1.531446,3.986189,-8.801998
10.722033,-0.531981,6.219161,-7.858799,-1.364145,3.943092,-8.881608
10.75543,-0.858502,7.003888,-7.854758,-1.484757,4.026293,-9.070009
10.78877,-0.838449,6.222603,-7.063446,-1.346637,4.292658,-9.057738
10.822097,0.095323,5.544122,-7.866131,-1.720595,3.965239,-8.531294
10.855509,1.185621,4.459659,-8.256849,-1.577686,3.996365,-8.72598
10.888696,0.501304,4.331565,-7.222517,-2.585082,3.681366,-8.133393
10.922101,0.590192,5.129162,-7.859248,-2.525374,3.990977,-8.276153
10.955395,0.941254,4.993435,-7.988988,-1.862606,4.516972,-8.703832
10.987974,1.8439,4.70253,-8.317903,-1.520223,4.241929,-8.86829
11.022013,2.165932,4.721534,-7.714393,-2.204989,4.173392,-8.511092
11.055376,1.580678,5.463015,-7.47676,-2.251528,4.174739,-8.440461
11.088766,1.403202,5.760056,-7.394307,-2.543332,3.925733,-8.287526
11.122103,1.019517,5.903115,-7.286265,-1.905104,4.346978,-8.584417
11.155422,0.977019,5.957435,-7.935715,-1.622429,4.294753,-8.929793
11.188138,2.218756,5.619841,-8.165118,-1.823399,4.28323,-8.598184
11.222015,2.74086,5.621188,-9.023919,-2.214267,4.24552,-8.418763
11.255343,2.152165,4.715997,-7.960406,-1.925755,4.243425,-8.535634
11.288682,1.693509,4.805634,-8.718198,-1.858116,4.202423,-8.6335
11.322012,-1.652058,4.457414,-8.966905,-1.901663,4.225169,-8.539674
11.354859,-2.819273,7.34268,-11.73919,-1.786886,4.17429,-8.660586
11.388741,-1.245927,6.192075,-7.795649,-1.881461,4.204069,-8.572296
11.422015,0.174484,6.287997,-8.008591,-1.655949,4.167107,-8.760098
11.455291,-0.70003,5.98482,-9.214115,-1.758604,4.231753,-8.649063
11.48866,-1.08536,5.105518,-8.693956,-1.728675,4.227264,-8.651008
11.52201,-0.521206,4.738893,-8.076379,-1.773568,4.254948,-8.607462
11.555341,0.869276,5.426053,-8.472484,-1.686326,4.223223,-8.700391
11.588671,1.815319,5.408246,-8.360551,-1.815319,4.222026,-8.610156
11.622009,1.398563,5.75437,-7.15832,-1.942216,4.24148,-8.563617
11.655347,0.119714,9.829297,-6.897492,-1.836718,4.198083,-8.665524
11.688676,-4.265572,3.404527,-9.855335,-2.043823,4.202273,-8.564814
11.722014,1.816965,4.970241,-9.865211,-2.136452,4.175936,-8.568854
11.755341,1.32868,3.977659,-8.963014,-1.868891,4.162019,-8.693357
11.788676,-0.655885,3.790007,-9.214713,-1.60103,4.206763,-8.838062
11.822012,1.200885,3.935161,-9.146476,-1.692911,4.196288,-8.928297
11.855344,-0.045192,3.854054,-9.298513,-2.044422,4.37945,-8.794666
11.888698,0.504297,3.78866,-9.084075,-1.824896,4.150646,-8.627215
11.922048,0.248258,3.819636,-9.197504,-2.378126,3.577514,-9.732927
11.955349,0.498461,3.797639,-9.090659,-5.358714,2.927465,-9.795178
11.988654,0.294497,3.882037,-9.148272,-5.332227,0.095472,-10.581851
12.022025,0.36034,3.841035,-9.079436,-4.163516,-2.5984,-9.917437
12.055344,0.26412,3.864679,-9.154707,-3.580208,-1.928299,-10.774741
12.088675,0.493672,3.878745,-9.087517,-1.437769,-1.720744,-10.967032
12.122031,0.215935,3.869318,-9.189274,-1.800803,1.733614,-12.511347
12.155347,0.350314,3.830411,-9.11969,-0.140365,3.32761,-11.126402
12.188675,0.401193,3.87665,-9.142286,-2.021377,2.955598,-8.819057
12.222008,0.317542,3.859741,-9.128818,-1.476976,3.739278,-9.12388
12.255347,0.419898,3.904484,-9.124778,-2.265594,4.869232,-9.584631
12.288676,0.282676,3.865726,-9.109963,-2.382316,2.896339,-6.821773
12.322015,0.187952,3.869617,-9.166379,-2.662747,3.71324,-7.422739
12.355343,0.304823,3.833104,-9.137348,-3.894757,6.954057,-8.355913
12.388343,0.271901,3.779532,-9.139593,-2.437983,9.146925,-7.020349
12.422008,0.316495,3.737482,-9.00222,-2.694172,8.636343,-3.277031
12.454691,0.476463,3.980053,-9.140939,-0.77111,10.108531,-1.935931
12.488028,0.678481,3.982747,-9.059384,2.407456,16.615605,5.942172
12.521361,0.467036,3.504339,-9.368846,0.417653,15.748873,-17.558355
12.554688,0.912672,4.065949,-9.508313,5.51943,17.086681,-11.335453
12.588012,0.201719,3.517208,-10.708599,-2.406708,1.507353,-8.426095
12.621182,1.907948,4.67724,-10.324765,-2.372739,3.923189,-8.377012
12.655363,-0.617277,4.868035,-7.892917,-1.304138,4.366731,-8.99384
12.688678,-5.441616,5.728332,-11.881949,-1.541921,3.962695,-8.731217
12.722014,-2.45175,6.503482,-9.890202,-1.675702,4.11129,-8.659987
12.755345,-1.463658,4.979818,-8.752466,-1.321647,4.086599,-8.881309
12.788679,-0.022596,4.164713,-8.47443,-1.642331,4.18252,-8.832226
12.822131,1.982919,4.745776,-7.916262,-1.615695,4.190003,-8.646369
12.855345,3.109281,4.781541,-6.855592,-1.459168,4.051732,-8.77611
12.888674,4.687266,4.763285,-6.166935,-1.533242,4.123411,-8.76354
12.921987,6.128178,4.9243,-6.855592,-1.119629,4.087647,-8.870385
12.955311,5.852985,5.148615,-7.024988,-1.519325,4.158428,-8.678543
12.988702,4.814612,4.630252,-6.934155,-1.31192,4.088994,-8.818309
13.021995,3.640514,5.321453,-7.384131,-1.19011,4.083906,-8.812473
13.055344,1.935033,5.615202,-8.130101,-1.233656,4.065949,-8.799604
13.088768,-0.214738,6.275726,-8.845544,-1.388088,4.083906,-8.775661
13.121719,-0.2933,6.37479,-8.565113,-1.498076,4.014471,-8.766682
13.155366,0.44444,6.27827,-8.606265,-1.374171,4.024946,-8.740345
13.188674,0.001347,6.708643,-8.616441,-1.396917,4.075825,-8.782245
13.221989,0.292552,6.544784,-7.980159,-1.284086,4.09034,-8.742141
13.255345,0.379495,6.626938,-7.99243,-1.377912,4.128948,-8.798407
13.288684,0.659177,6.680061,-8.049893,-1.328979,4.204069,-8.716103
13.322075,1.191756,6.697569,-7.634035,-1.492988,4.053378,-8.644723
13.355345,1.007845,6.382721,-7.048183,-1.481316,4.160822,-8.623773
13.388689,0.80897,6.421927,-8.127857,-1.572298,4.139872,-8.629161
13.422096,0.7964,6.101392,-7.829618,-1.048249,4.234446,-8.766682
13.455345,0.848476,5.608019,-7.379343,-1.590705,4.24567,-8.696949
13.488708,-0.487387,5.510302,-7.424385,-1.946107,4.27919,-8.637989
13.521693,-1.749326,6.042582,-5.844305,-1.573795,4.27081,-8.577983
13.555348,-2.155307,8.542667,-5.567167,-1.068301,4.314954,-8.749473
13.588672,-1.353072,2.955448,-10.204452,-1.210611,4.22457,-8.696949
13.622103,1.9907,4.115929,-8.682733,-1.683633,4.227563,-8.741542
13.655341,1.35801,4.427486,-8.654301,-1.141925,4.074777,-8.97289
13.688677,-0.362585,4.113086,-9.445313,-1.635298,4.217387,-8.852428
13.721992,0.863141,3.938453,-8.829981,-1.5506,4.182221,-8.791673
13.754849,-0.235388,4.093632,-9.276516,-1.399162,4.331864,-8.604619
13.788675,0.422891,3.969429,-8.976931,-1.689619,4.444994,-8.477572
13.822003,0.13812,4.05293,-9.192866,-1.893881,4.30837,-8.584717
13.855336,0.293749,3.980353,-9.045318,-2.119842,4.193295,-8.409934
13.888668,0.018256,3.974816,-9.060282,-1.683483,4.628606,-8.584717
13.922002,0.491427,4.045298,-9.032448,-2.160994,4.893773,-8.78464
13.955344,0.042798,3.99831,-9.068063,-2.128821,4.853968,-8.514235
13.988668,0.38578,4.022253,-9.059534,-2.069113,5.190964,-9.479731
14.022002,0.193638,4.024497,-9.06103,-2.558595,4.451129,-8.870535
14.055447,0.230899,3.982298,-8.989052,-3.481742,2.126277,-9.950059
14.088665,0.250353,4.033027,-9.110562,-3.488626,-1.654003,-10.458546
14.122081,0.235089,3.996365,-9.098441,-4.682627,-1.902111,-11.530737
14.15533,0.16326,3.949526,-9.085123,-5.363951,-1.892684,-10.94294
14.188668,0.151439,4.028538,-9.07375,-4.720187,-1.321946,-10.273437
14.222011,0.254992,4.000555,-9.055793,-2.549018,-0.092629,-10.042538
14.255322,-0.002394,4.051134,-9.128968,-2.293129,2.255568,-10.887422
14.288669,0.168348,4.033775,-9.028258,-1.447347,1.863204,-8.596838
14.322031,0.122408,3.999058,-9.095298,-2.620248,4.335904,-9.710181
14.355325,0.226709,3.980203,-8.970047,-2.700307,5.638846,-9.22025
14.388751,0.30587,3.915258,-9.036489,-0.598572,4.092884,-7.529883
14.422008,0.165804,3.820534,-8.861855,-2.929859,6.671681,-8.538776
14.455335,0.126748,4.139872,-9.242098,-2.718563,11.969041,-9.527317
14.488671,0.233892,4.15768,-9.221148,0.386079,6.112166,-3.938902
14.522013,0.527192,3.960001,-8.862304,-0.086643,8.869337,-2.635811
14.55534,0.254094,3.936507,-9.252274,1.086109,16.103975,1.853777
14.5887,0.819145,3.589635,-9.692224,-6.006219,-7.455511,-9.72305
14.622004,-0.929133,5.599489,-12.369037,5.409742,5.567316,-13.159601
14.655333,1.023408,4.398754,-11.649254,-3.018448,5.159838,-8.895974
14.688812,-1.481764,9.144082,-7.473169,-0.391915,4.311662,-9.43394
14.722006,-14.622959,7.206206,-16.855482,-1.31611,3.920645,-9.057289
14.755339,0.837701,3.401235,-4.835263,-1.674654,3.585295,-8.767131
14.788647,4.961412,3.582751,-8.123218,-1.366689,3.842532,-8.779851
14.822008,2.953204,4.66886,-10.119455,-1.932639,3.954465,-8.770274
14.855339,2.166531,4.759095,-7.310507,-1.515733,3.966137,-8.857516
14.888658,5.175102,4.550642,-6.235921,-1.415622,3.744665,-9.04831
14.922095,5.346294,4.58506,-6.29907,-0.920304,3.753793,-8.963164
14.955396,4.162917,5.266983,-7.53572,-1.444054,3.853007,-8.873378
14.988759,2.061481,5.073195,-5.972849,-1.378062,3.86827,-8.876071
15.021999,0.876758,6.414894,-7.394606,-1.349031,3.842981,-8.930392
15.055428,-0.504446,7.504594,-8.240687,-1.41652,3.843429,-8.86829
15.088755,-1.586215,7.009276,-7.769911,-1.246975,3.840287,-8.867392
15.122015,-0.516717,7.407476,-7.821538,-1.229018,3.862733,-8.940268
15.155337,0.913121,6.950017,-7.266213,-1.667322,3.687352,-8.856618
15.188688,1.984565,6.993264,-8.266127,-2.093206,3.826969,-8.723436
15.222064,1.931741,5.699301,-7.556969,-1.515434,3.885629,-8.833124
15.255338,1.528603,5.760954,-8.063211,-1.681987,4.00669,-8.72149
15.288669,0.648403,5.323697,-7.828271,-1.843451,3.925134,-8.794516
15.322046,-0.101608,5.538734,-8.547904,-1.681987,3.743019,-8.692908
15.355337,0.254543,5.503568,-8.874276,-1.593697,3.86004,-8.887893
15.388681,0.328167,6.16918,-10.272539,-1.59684,3.897002,-8.873079
15.421513,0.155629,6.356383,-9.078838,-1.670764,3.937705,-8.807984
15.45543,0.756445,5.647226,-8.308476,-1.628115,3.899246,-8.798107
15.488727,0.623413,5.324895,-8.201182,-1.673906,3.90613,-8.787183
15.522005,0.355851,4.885244,-8.557033,-1.586215,3.861087,-8.790925
15.555335,0.135876,4.670656,-8.522914,-1.571999,3.848218,-8.810228
15.588705,0.086643,4.743681,-8.587261,-1.555688,3.895804,-8.827737
15.621997,-0.193788,5.170313,-8.239041,-1.620334,3.929923,-8.811875
15.655358,-0.668006,6.242655,-7.792058,-1.45004,3.933514,-8.84315
15.688662,-3.304116,8.054981,-7.354502,-1.508551,3.854054,-8.87652
15.722032,-0.462397,3.794197,-8.027297,-1.555389,3.810807,-8.873976
15.755338,4.063704,5.508207,-9.649276,-1.704134,3.802577,-8.857665
15.788673,1.182628,3.608041,-8.029092,-1.709671,3.830261,-8.851979
15.822026,-0.191244,3.647846,-9.198402,-1.389884,3.82233,-8.971993
15.855336,0.789367,3.816643,-9.045168,-1.478772,3.783872,-8.999976
15.888658,0.22626,3.842681,-9.209326,-1.398264,3.770853,-9.0528
15.922033,0.009876,3.783872,-9.133906,-2.396233,3.89341,-8.503909
15.95537,0.443242,3.864679,-9.174459,-1.5298,4.119521,-8.704431
15.988653,0.373658,3.786266,-9.075246,-1.441211,4.200328,-8.689467
16.022033,0.213989,3.817841,-9.192716,-1.553743,3.895056,-8.913332
16.055354,0.188999,3.813351,-9.183588,-1.854525,3.313544,-9.305547
16.088859,0.383385,3.816943,-9.115949,-2.314976,1.935482,-9.809694
16.122005,0.161764,3.789558,-9.160094,-2.725148,0.821989,-10.21792
16.155335,0.251101,3.803175,-9.16997,-3.00917,-0.517166,-10.64949
16.188652,0.349117,3.801829,-9.160692,-3.846123,-0.668455,-11.007286
16.222034,0.248108,3.754691,-9.154856,-3.787912,-0.760336,-11.623217
16.255335,0.088439,3.742869,-9.099488,-3.638868,-0.827376,-11.958267
16.288676,0.36453,3.852558,-9.151115,-4.265423,-1.166916,-10.295734
16.32201,0.296443,3.803475,-9.154707,-2.324554,-1.882359,-10.332696
16.354678,0.045791,3.735836,-9.110263,-1.514387,0.142161,-10.181556
16.388659,0.432019,3.850612,-9.197953,0.514323,3.673435,-11.775254
16.422035,0.17194,3.74676,-9.115949,-1.106759,4.725874,-9.185234
16.455379,0.245115,3.747508,-9.112807,-0.400145,4.936571,-7.305419
16.488681,0.285968,3.763819,-9.15725,-1.096733,9.243295,-9.816128
16.522072,0.294797,3.822928,-9.206633,-2.419726,6.578454,-5.214907
16.555369,0.304673,3.771002,-9.136749,0.887532,10.362624,-4.547799
16.5887,0.358545,3.619564,-9.211421,4.070139,10.380432,0.614434
16.622027,0.902197,4.000704,-8.987256,-5.52811,13.08463,8.845544
16.655363,0.612489,2.709884,-8.823098,-11.648357,18.872071,-16.676958
16.688696,-1.013681,1.951194,-11.810719,0.085895,-2.604087,-8.56227
16.722036,1.825794,3.384026,-11.595832,-0.312604,1.937876,-9.232072
16.755379,-4.303881,-1.756808,-9.74834,-2.655564,3.838342,-8.812772
16.788698,-3.457351,2.431548,-10.173027,-1.801551,4.095428,-8.884751
16.822021,1.600431,2.773183,-9.334877,-1.937727,3.894907,-8.57903
16.855371,2.23821,5.189617,-10.120801,-1.96975,3.834601,-8.472484
16.888706,0.241075,2.616357,-4.070737,-2.068814,4.040808,-8.557482
16.922001,2.972657,3.62929,-6.472506,-2.003869,4.02345,-8.627664
16.955362,6.345908,5.835327,-11.458909,-1.720595,3.902688,-8.757554
16.988698,7.389369,6.267047,-6.082537,-1.472487,3.897151,-8.969
17.021996,5.970754,7.249602,-7.283122,-1.715357,3.96045,-8.769825
17.055337,4.241629,6.650133,-7.269654,-1.577386,3.853306,-8.868889
17.088717,1.426097,7.311554,-7.071677,-1.63021,3.941296,-8.789278
17.121733,1.56736,6.795735,-7.126895,-1.306832,3.887424,-8.938622
17.155346,2.089315,7.099361,-6.764909,-1.434627,3.949077,-8.873228
17.18867,1.973042,7.381288,-7.133629,-1.63021,3.827418,-8.815316
17.222039,1.880563,7.833958,-6.993862,-1.505408,3.932317,-8.848687
17.255343,0.764675,7.239277,-7.106244,-1.620483,3.889519,-8.796461
17.288671,-0.183462,7.142607,-7.007181,-1.78943,3.802128,-8.82654
17.322054,-0.350763,7.222816,-7.762728,-1.489097,3.886527,-8.833124
17.355422,-0.527192,6.010409,-7.980758,-1.525311,3.917802,-8.807685
17.388592,-1.722241,5.884709,-8.22273,-1.455278,3.891016,-8.848537
17.422021,-1.705032,6.000533,-8.347682,-1.538479,3.945187,-8.80125
17.455346,-1.047201,5.971352,-8.327331,-1.602227,3.871712,-8.783891
17.488684,-0.602911,5.373229,-8.560474,-1.427893,3.826221,-8.90166
17.522014,-0.161764,5.4901,-8.433128,-1.566612,3.918251,-8.799305
17.55527,-0.912672,6.000383,-7.931824,-1.566462,3.837444,-8.830281
17.588749,-2.161143,7.130486,-7.378744,-1.474432,3.783123,-8.903456
17.622079,-2.377228,10.203404,-7.737139,-1.383,3.83056,-8.884751
17.655348,0.831715,3.774294,-7.953373,-1.520073,3.84747,-8.871283
17.688115,1.243234,4.344883,-8.963463,-1.635897,3.822031,-8.784939
17.722022,-0.609346,4.492431,-9.837078,-1.485356,3.856149,-8.843749
17.755349,1.21106,3.784021,-8.317903,-1.53803,3.85989,-8.892382
17.788688,-0.163709,4.138076,-9.461924,-1.514237,3.906279,-8.798856
17.82204,0.336846,4.00669,-9.272027,-1.46695,3.915258,-8.81801
17.855417,0.367373,3.712492,-8.794815,-1.571101,3.916156,-8.815167
17.888746,0.396703,4.045148,-9.474793,-1.445401,3.949526,-8.951043
17.92202,0.267861,3.783872,-9.00656,-1.338855,3.964491,-8.91004
17.955346,0.21354,3.871562,-9.22444,-1.599833,3.987087,-9.183288
17.988687,0.38982,3.850762,-9.234017,-1.675253,3.812453,-9.448156
18.022009,0.162363,3.714288,-9.021674,-1.26583,4.615437,-9.986123
18.055335,0.434713,3.899246,-9.151265,-3.578113,1.681089,-10.120652
18.088668,0.207854,3.890268,-9.167725,-3.042091,-1.883556,-11.564706
18.12201,0.175232,3.764268,-9.102631,-4.195839,-2.546474,-10.916902
18.155337,0.341635,3.848068,-9.150965,-3.227499,-1.356214,-10.307257
18.187923,0.160866,3.857795,-9.118044,-2.817328,0.421095,-9.331734
18.222005,0.328017,3.836097,-9.155604,-2.137201,1.88595,-10.000937
18.255344,0.114327,3.842382,-9.147973,-1.917974,2.614113,-8.634099
18.288674,0.323678,3.859591,-9.147224,-1.199388,5.736413,-9.323953
18.322047,0.184959,3.765316,-9.135702,-1.997883,8.230661,-10.17572
18.355334,0.341485,3.841484,-9.083626,-0.306618,5.726087,-8.821901
18.388664,0.395806,3.882636,-9.158897,0.342832,3.03431,-9.129567
18.422094,0.2514,3.913462,-9.130315,-1.564367,2.914147,-9.530909
18.455346,0.328017,3.900294,-9.160393,-2.304801,2.747145,-8.24398
18.488675,0.257984,3.902389,-9.110412,-2.050408,3.81814,-7.166251
18.522135,0.273847,3.883534,-9.16159,-1.267326,5.565969,-6.753685
18.555354,0.341485,3.727905,-9.032448,-1.067253,7.398347,-6.540145
18.588713,0.258733,3.829213,-9.165481,-3.242912,8.180681,-5.635553
18.62203,0.456411,3.729252,-9.131063,1.849587,10.116162,-1.53818
18.655412,0.717388,3.893859,-8.848238,5.140684,-3.238124,-12.605473
18.688734,0.467485,3.432211,-9.545125,-3.342874,5.380562,-11.368973
18.722081,-0.576425,6.351146,-10.881586,-1.717751,1.478472,-8.563767
18.755714,-0.422741,2.846209,-10.799881,-2.557847,3.722668,-8.509297
18.788746,0.912972,3.739577,-10.575566,-1.472786,4.056521,-9.139144
18.822072,-6.557204,2.119992,-14.132878,-1.324939,3.826669,-9.050555
18.855464,-5.294966,2.385159,-6.636066,-1.466202,3.926481,-8.703982
18.888776,0.088439,5.822158,-12.060473,-1.42056,3.919298,-8.836566
18.922073,1.924109,4.973084,-8.478171,-1.106161,4.011778,-8.984862
18.955379,2.735623,4.601072,-6.567979,-1.2781,3.875303,-8.905102
18.98867,3.775192,5.679698,-6.453053,-1.784492,3.914809,-8.744835
19.022075,4.969493,7.692396,-9.949161,-1.475479,3.921244,-8.8641
19.055366,2.236563,4.296399,-5.034138,-1.897024,4.101115,-8.659987
19.088689,0.571037,5.262194,-6.053057,-1.652208,3.925883,-8.902558
19.122099,-1.091196,6.042582,-8.417416,-1.79392,4.033177,-8.727925
19.155414,-1.659241,5.563575,-7.625056,-1.629612,4.092735,-8.722687
19.188728,0.161914,5.903265,-7.829618,-1.864401,4.041706,-8.666272
19.22206,2.182542,5.884709,-7.586598,-1.724485,4.110841,-8.592947
19.255385,2.670827,6.029713,-7.349414,-1.717901,4.166957,-8.70907
19.288775,2.425712,6.272883,-7.932124,-1.801851,4.159625,-8.655198
19.322062,1.706827,6.674075,-7.289108,-1.605519,4.114882,-8.750671
19.355384,0.408376,8.911387,-8.340799,-1.926054,4.249411,-8.534586
19.388666,0.811663,9.544526,-7.335946,-1.921266,4.240881,-8.559427
19.422111,2.852643,6.531765,-7.727412,-1.775514,4.149449,-8.66702
19.455432,2.52298,5.932445,-7.660671,-1.784043,4.211551,-8.638139
19.488798,0.195883,7.009725,-7.646605,-1.841955,4.227563,-8.559726
19.522063,-2.990764,7.132282,-7.670847,-1.802,4.213048,-8.548653
19.555388,-3.66311,6.65133,-7.934668,-1.714908,4.164862,-8.655198
19.588763,-3.475308,6.385265,-8.101968,-1.806041,4.180425,-8.639785
19.622059,-0.658429,5.37293,-8.177388,-1.98651,4.197634,-8.624372
19.655414,0.634486,4.961861,-8.871582,-1.615096,4.208708,-8.633201
19.688593,0.791013,4.741137,-8.596538,-1.740048,4.093184,-8.707274
19.722081,-0.167151,4.86594,-8.602225,-1.589657,4.051433,-8.715804
19.755401,-1.182927,5.471545,-8.322841,-1.746932,4.051583,-8.678842
19.788726,-1.956731,7.817647,-7.400742,-1.703086,4.085103,-8.68812
19.822082,-0.059708,3.30666,-8.586961,-1.713861,4.004745,-8.760397
19.855409,0.746569,3.555666,-8.706227,-1.68887,4.051433,-8.672108
19.888724,0.876309,4.40474,-9.289984,-1.599234,3.925134,-8.912435
19.922083,-0.701077,3.664756,-8.934881,-1.699944,4.03617,-8.832825
19.955402,0.692847,4.129846,-9.272924,-1.674804,4.108297,-8.793768
19.988725,0.043995,3.757684,-9.068213,-1.623476,4.046944,-8.997432
20.022098,0.321882,3.73853,-8.999976,-1.639189,4.193744,-9.092156
20.055378,0.285668,3.904783,-9.219053,-1.395869,3.786415,-9.45938
20.088676,0.202317,3.817242,-9.112807,-2.367351,2.469408,-10.401083
20.121698,0.289559,3.829962,-9.084075,-2.809846,-2.524776,-12.190663
20.155398,0.175531,3.871263,-9.221747,-5.022915,-3.619115,-11.907239
20.188725,0.265467,3.831458,-9.063125,-2.182393,-3.617169,-10.737929
20.22206,0.20097,3.835349,-9.131512,-2.959339,-0.389521,-10.687948
20.255394,0.239878,3.873508,-9.164134,-1.812924,0.351362,-10.134419
20.288786,0.171491,3.846422,-9.115051,-1.901962,1.249968,-10.466477
20.322025,0.15503,3.856299,-9.199151,-2.168027,3.858244,-10.923187
20.355421,0.282227,3.811107,-9.067764,-1.969451,3.062593,-9.155455
20.388675,0.193339,3.825921,-9.076144,-2.186283,3.87665,-8.291416
20.422026,0.256039,3.862584,-9.169222,-3.25234,5.544271,-9.356425
20.455424,0.279683,3.821133,-9.079436,0.114028,4.758047,-7.73684
20.488753,0.327718,3.81799,-9.062975,-0.545299,4.547948,-6.198809
20.522026,0.155329,3.832206,-9.004016,0.029031,6.963186,-6.817433
20.555422,0.266664,4.055174,-9.292677,0.387276,6.750992,-2.125828
20.58876,0.492026,3.866026,-8.880411,3.601906,19.654105,8.932187
20.622027,0.36064,3.55387,-9.340862,-7.829169,28.552024,-27.033447
20.655403,-0.518214,5.055837,-11.121464,9.86985,12.23795,-12.810334
20.688721,0.276989,3.191884,-10.218668,-6.836588,7.721277,-8.880112
20.722029,-0.211595,4.713304,-8.949247,-0.179272,3.355145,-9.131811
20.755416,-0.583159,5.924215,-8.105709,0.20531,3.297831,-9.366601
20.788696,-0.900851,5.006005,-9.561436,-1.874577,3.74257,-8.8852
20.821287,-4.802491,4.414018,-8.702186,-1.917824,3.836696,-8.796611
20.854782,-3.425626,4.863994,-10.497602,-1.286031,3.585295,-8.994589
20.887951,-6.485675,5.454934,-9.392788,-1.530997,3.552972,-8.997881
20.921289,1.201783,4.77795,-6.090917,-1.77297,3.7508,-8.888791
20.954595,5.85508,4.494975,-4.900657,-1.541023,3.712342,-8.926501
20.987951,3.248898,8.75112,-10.154471,-1.280644,3.735836,-9.029006
21.02128,2.340266,6.558401,-7.946489,-1.30758,3.480096,-9.009403
21.05447,2.302406,6.029114,-7.257084,-1.389584,3.775492,-8.952689
21.087766,7.021247,5.60757,-7.181814,-1.281093,3.535913,-9.016586
21.12109,6.106629,7.105346,-7.380091,-1.389734,3.594424,-9.01479
21.154426,3.062144,6.449162,-7.44758,-1.656547,3.643058,-8.954484
21.187764,2.744152,6.327652,-7.034865,-1.425349,3.599511,-8.987555
21.2211,2.195861,7.0829,-7.599018,-1.346338,3.587241,-8.946703
21.255367,2.21711,5.799712,-7.216082,-1.476527,3.650091,-8.97319
21.287763,2.513253,6.590575,-7.973425,-1.39976,3.452562,-8.932936
21.321626,1.710419,5.857923,-8.177837,-1.440762,3.450617,-8.983964
21.355057,0.901898,6.058744,-8.371026,-1.555239,3.65892,-9.0106
21.388375,0.783082,6.47535,-7.65304,-1.49194,3.460194,-8.999228
21.421683,-0.398499,6.660159,-7.661569,-1.767882,3.564046,-8.937275
21.455065,-2.544229,7.438452,-7.37186,-1.551797,3.518405,-8.943411
21.488386,-3.622407,7.984349,-7.113427,-1.500919,3.602355,-8.945506
21.521681,-4.494227,7.863737,-7.839046,-1.532344,3.51197,-9.007308
21.555175,-4.650753,7.342082,-7.581959,-1.608362,3.486381,-8.928446
21.588391,-3.908823,8.065007,-7.77021,-1.593099,3.605796,-8.973339
21.621947,0.40239,2.53136,-10.667148,-1.667471,3.651138,-8.95628
21.655147,1.595493,3.878596,-9.163685,-1.643678,3.596519,-8.925603
21.688481,1.683932,3.460044,-9.198253,-1.596241,3.758133,-8.996384
21.721756,-0.090235,3.713839,-9.121187,-1.553593,3.609687,-8.942962
21.755168,0.552631,3.71309,-9.244642,-1.447945,3.680468,-9.012097
21.788485,0.760186,3.602355,-8.911686,-1.634999,3.459745,-9.103678
21.821815,0.118816,3.628542,-9.151564,-1.524113,3.645003,-9.285943
21.855075,0.505045,3.747658,-9.233868,-1.438667,2.901277,-9.613213
21.888482,0.328317,3.593077,-9.093652,-1.983517,1.648018,-9.927612
21.921869,0.284771,3.67957,-9.234167,-3.290199,0.726816,-10.50284
21.95515,0.337744,3.651138,-9.186281,-3.398092,-0.568494,-10.417992
21.988485,0.432169,3.681067,-9.14917,-2.43933,-0.144705,-10.784767
22.021814,0.410022,3.715634,-9.200797,-1.516781,0.586002,-10.712041
22.055149,0.277139,3.657872,-9.156652,-0.62446,1.188315,-9.778418
22.0885,0.354205,3.663858,-9.197504,-0.3771,1.271965,-9.743701
22.121827,0.307516,3.685406,-9.166229,-0.059109,2.817178,-10.914208
22.155154,0.248707,3.662361,-9.176854,-0.434713,3.272392,-10.105837
22.18848,0.382038,3.661763,-9.16563,-0.29764,3.732544,-9.655262
22.221816,0.303027,3.716682,-9.204089,1.235602,3.272093,-9.325449
22.255153,0.36034,3.732694,-9.204987,-1.120077,3.902987,-9.339965
22.288486,0.391316,3.720573,-9.132709,-1.669716,2.653618,-7.564152
22.321818,0.433965,3.728953,-9.220101,-1.861558,2.830646,-7.687457
22.355161,0.366326,3.671939,-9.188825,-1.083864,2.996301,-8.766533
22.388537,0.467485,3.639167,-9.128519,-1.179635,1.235003,-7.277885
22.421816,0.467933,3.703663,-9.190471,-0.041601,4.523557,-7.462544
22.455126,0.3774,3.632433,-9.151265,-0.806276,6.082387,-5.49025
22.488486,0.489183,3.659069,-9.171766,0.707512,15.540869,-1.702189
22.521828,0.481701,3.682713,-9.164882,-8.077876,8.903306,-15.503608
22.555152,0.422292,3.929923,-9.158897,0.874513,12.484561,-12.234358
22.588469,0.317692,3.65039,-8.683331,-2.172067,2.903971,-8.598633
22.621813,0.158173,4.014621,-9.154856,-1.954187,3.917652,-8.942064
22.655172,0.249754,4.318845,-9.753727,-0.851319,3.60834,-9.034693
22.688476,0.872867,3.732095,-9.394135,-1.406943,3.576616,-8.966755
22.721813,-0.095472,4.012825,-9.168623,-1.54641,3.729102,-8.878615
22.755156,0.184061,5.560283,-8.667319,-1.173949,3.67553,-9.021674
22.788477,-1.848839,3.690345,-10.321173,-1.059322,3.685257,-9.070607
22.821813,-1.122921,3.441638,-9.144531,-1.261939,3.655478,-8.929943
22.855154,3.29828,3.387767,-8.482211,-1.20298,3.658022,-8.965109
22.8885,4.415963,5.388942,-9.713623,-1.258796,3.573174,-9.075994
22.921818,3.847171,4.096625,-9.918634,-1.451537,3.752147,-8.959273
22.955095,4.000255,3.985291,-8.972142,-1.199987,3.659518,-8.944009
22.988442,3.43655,3.961049,-8.760098,-1.312219,3.735088,-8.974536
23.021818,3.025631,5.000618,-8.317005,-1.318354,3.647846,-8.942513
23.055142,3.096861,7.061501,-8.783143,-1.415173,3.765017,-8.959871
23.088486,4.314206,5.120183,-8.437767,-1.431933,3.75095,-8.979026
23.121816,3.722817,5.267282,-8.054232,-1.421159,3.451963,-8.990698
23.15515,2.980289,5.79208,-8.501814,-1.128308,3.61268,-9.022123
23.188457,2.255119,6.04348,-7.804029,-1.489845,3.47022,-8.948199
23.221809,1.928,6.18594,-8.033881,-1.363547,3.603552,-9.011648
23.255119,1.654602,5.99305,-8.584268,-1.409188,3.659668,-9.02332
23.28848,1.293065,6.272284,-7.7955,-1.494035,3.586642,-9.012097
23.321819,-2.063427,7.725766,-6.313436,-1.464705,3.488626,-9.011798
23.355147,-6.389155,9.543479,-7.605154,-1.291119,3.460792,-8.957477
23.388495,-16.46252,28.413754,-2.307345,-1.497926,3.473961,-8.953586
23.421814,0.840544,-1.818311,-7.813606,-1.149407,3.332997,-8.995187
23.455345,0.889029,3.939201,-8.684828,-1.840459,3.62944,-8.915278
23.488677,2.452498,5.278805,-9.57236,-1.5087,3.744366,-8.969
23.521991,0.449527,3.109281,-8.070244,-0.978216,3.490422,-8.938772
23.555365,0.353906,3.78043,-9.734423,-0.996772,3.721171,-9.03574
23.588747,-0.269806,3.707554,-8.884002,-1.583073,3.955961,-8.952539
23.622011,0.679529,3.978707,-9.047263,-1.641882,3.627794,-9.073301
23.655342,0.159669,3.990229,-9.335326,-1.722839,3.477702,-9.232521
23.688764,0.488734,3.830261,-8.984114,-3.018598,1.519774,-9.603935
23.722008,0.226559,3.938752,-9.197504,-2.819423,-0.293749,-9.829147
23.754427,0.272649,3.877099,-9.083925,-3.644853,-0.62461,-10.103443
23.788804,0.311856,3.903736,-9.110113,-2.77857,0.796998,-10.464831
23.821999,0.240776,3.898947,-9.114752,-2.274274,1.008593,-10.182305
23.855314,0.272649,3.918101,-9.117894,-1.346338,1.214053,-9.447408
23.88864,0.295545,3.914061,-9.105773,-0.767818,2.19616,-8.748875
23.922008,0.341934,3.885928,-9.071804,-0.619821,2.209628,-9.680552
23.955417,0.345825,3.911816,-9.080933,-0.323977,3.208943,-11.688611
23.988654,0.256488,3.8976,-9.086619,-0.599769,2.342062,-8.52875
24.022009,0.369169,3.927229,-9.07345,-1.223481,1.959874,-7.823483
24.055416,0.257536,3.911816,-9.091557,-1.627068,3.703962,-9.162937
24.08873,0.235239,3.882786,-9.103379,-1.179486,4.921457,-10.139058
24.122014,0.402689,3.967483,-9.078688,-0.382787,4.520713,-9.255267
24.155341,0.342383,3.949227,-9.083477,1.260443,3.256979,-8.36519
24.189187,0.239129,3.914211,-9.079885,0.102056,3.704262,-7.324573
24.222012,0.423938,3.903736,-9.070607,-1.845846,4.544058,-7.831264
24.255343,0.372312,3.961647,-9.11535,-2.670079,6.132218,-8.504508
24.288722,0.491427,3.945037,-9.046365,-0.747616,5.598292,-4.714651
24.322017,0.332207,3.761275,-9.083477,4.495723,12.875728,-1.578284
24.355344,0.512228,4.043203,-9.096346,-6.39963,12.304092,-2.008358
24.388468,0.524349,3.275385,-9.394584,0.451772,5.790135,-9.442021
24.422014,0.548591,4.438709,-9.527467,-1.34544,3.589336,-8.842551
24.455343,-0.00015,4.147205,-9.187628,-2.862819,3.874106,-8.942513
24.487819,-0.261127,4.047842,-8.790326,-0.652892,3.598464,-8.9268
24.52204,0.558916,4.800097,-8.404098,-0.808371,3.765465,-8.843449
24.555347,0.957416,5.630765,-8.38614,-1.574842,3.732245,-8.713858
24.588654,0.518662,5.558787,-8.258046,-1.25715,3.739428,-8.958525
24.622008,0.146201,5.59096,-8.145963,-1.17365,3.726708,-9.025265
24.655349,0.146949,5.790583,-8.18098,-1.273312,3.639316,-8.995038
24.688697,0.181966,5.740603,-8.399608,-1.457672,3.661015,-8.906898
24.722015,0.262623,4.761489,-9.743103,-1.259844,3.796442,-8.936377
24.755342,-2.46028,1.817414,-10.781325,-1.548206,3.786864,-8.913931
24.788675,-1.027299,4.423146,-11.259884,-1.419363,3.914959,-8.872031
24.822082,2.667834,3.198917,-8.068897,-1.400808,3.857047,-9.010301
24.855347,4.219482,2.408354,-7.8371,-1.502714,3.786266,-8.879364
24.888681,4.724826,4.612744,-10.596217,-1.202231,3.744515,-8.954634
24.922045,5.494739,4.975628,-9.149469,-1.299649,3.615224,-8.873976
24.955349,4.4215,5.013039,-7.869872,-1.0478,3.611782,-8.960769
24.988694,3.748705,5.413633,-7.610541,-1.289623,3.53741,-9.025415
25.022113,3.234981,6.261809,-8.279595,-1.35367,3.57497,-8.924556
25.055348,2.705395,6.089271,-7.576722,-1.150305,3.280323,-9.039631
25.088679,2.596455,6.511713,-8.152248,-1.353969,3.471267,-9.032897
25.122054,2.040531,6.86921,-7.76198,-1.412779,3.509875,-8.971244
25.155347,-0.629847,7.958311,-7.721426,-1.451986,3.527084,-9.006261
25.188677,-3.007075,8.159132,-6.728396,-1.438368,3.690195,-9.031101
25.222011,-3.235729,8.993691,-6.874148,-1.567211,3.529927,-9.002969
25.255349,-2.314827,9.390843,-5.985269,-1.421907,3.527084,-8.974686
25.288622,-2.773482,9.803708,-5.464212,-1.279447,3.416049,-8.958824
25.321986,-6.988326,9.966071,-9.62279,-1.448095,3.207148,-8.928596
25.355348,0.475416,3.900443,-9.369295,-1.833126,3.52903,-8.821302
25.388661,1.90675,3.279276,-7.952625,-1.622429,3.566291,-9.027809
25.42202,-0.663666,4.120119,-9.264245,-1.313267,3.426075,-8.997731
25.455379,0.460002,3.417995,-8.417116,-1.329727,3.631685,-8.903157
25.488704,0.694792,4.168604,-9.266191,-1.520672,3.858394,-8.920515
25.52201,0.290008,3.84328,-9.181193,-1.289773,3.974517,-8.975883
25.555341,0.472722,3.699473,-8.770872,-1.554042,3.909572,-9.000574
25.588756,0.361238,4.024946,-9.236561,-1.227072,3.684509,-9.097543
25.622007,0.26831,3.90613,-9.089163,-1.511693,3.614476,-9.50098
25.655317,0.339839,3.847171,-9.053698,-1.748578,2.822865,-9.49679
25.688744,0.388323,3.8768,-9.141688,-3.492816,0.571935,-10.277627
25.722006,0.171491,3.869767,-9.148272,-3.013061,0.08784,-10.078452
25.755347,0.467485,3.899845,-9.070009,-3.196373,0.922399,-10.323867
25.788676,0.178823,3.839389,-9.104277,-1.960472,1.26134,-9.6394
25.822056,0.420796,3.913462,-8.997731,-1.403202,1.642032,-8.634548
25.855342,0.213391,3.926182,-9.158298,-0.76677,1.618987,-9.078538
25.888674,0.108491,3.882337,-9.130464,-1.576339,3.641112,-10.273437
25.922,0.43591,3.931868,-9.045318,0.03786,2.942579,-8.62093
25.955344,0.077515,3.946982,-9.160692,-0.235538,2.978344,-7.357944
25.988682,0.492924,3.972122,-9.043073,-0.236885,4.02764,-7.680873
26.022039,0.254992,3.975415,-9.128968,2.558595,4.149,-9.129417
26.055346,0.320834,3.975265,-9.053847,-1.448244,4.304479,-7.529584
26.087766,0.342383,3.936657,-9.087966,-1.041066,4.507994,-8.305184
26.122023,0.271901,3.942343,-9.089462,-2.837978,3.774444,-8.866195
26.155348,0.330412,3.982148,-9.119092,-2.522681,2.708537,-9.312281
26.188734,0.412566,3.903736,-9.045766,-2.902026,2.367202,-9.582236
26.222013,0.317542,3.920944,-9.080334,-2.652421,3.010367,-8.896423
26.255341,0.337146,3.959403,-9.107719,-2.066868,3.774444,-8.823247
26.288708,0.235089,3.957008,-9.080035,-1.888793,3.975564,-8.110199
26.322013,0.455214,4.037367,-9.109065,-0.862841,5.991554,-7.301678
26.355341,0.475865,3.890567,-9.012845,1.63036,18.082405,-2.669181
26.387736,0.714246,3.3737,-8.904952,-4.742784,20.195662,-4.901255
26.422017,0.612938,5.579288,-9.298513,1.272863,7.39715,-10.530673
26.455425,0.731455,3.620013,-9.782309,-0.529736,3.226901,-8.925902
26.488679,-0.690602,5.364849,-8.263882,-1.545662,3.683311,-9.078538
26.522032,0.63718,4.792166,-8.669414,-1.322844,3.710696,-8.898219
26.555357,0.586151,6.907668,-6.258517,-1.842404,3.867672,-8.794666
26.588685,0.279533,3.933215,-10.267302,-1.699794,3.803325,-8.84734
26.622005,-0.169396,2.882422,-9.756421,-0.831117,3.681067,-9.111909
26.65532,-2.479135,3.499849,-7.861193,-1.22363,3.702915,-8.91842
26.688679,-1.451537,5.905509,-9.988068,-1.118731,3.720124,-8.875323
26.72183,0.631793,6.14,-6.941787,-1.29905,3.716083,-9.002071
26.755102,3.562699,6.217515,-5.25576,-1.300996,3.806318,-8.884451
26.7885,3.004232,9.23282,-8.777606,-1.098978,3.676727,-8.94386
26.8218,1.059622,6.668389,-6.660308,-1.258348,3.773696,-8.91019
26.855056,-0.102655,7.151736,-6.401875,-1.453931,3.862584,-8.871432
26.888481,0.42753,6.567679,-7.583456,-1.255205,3.731646,-8.910789
26.921814,0.982705,6.282161,-7.39296,-0.939309,3.674483,-8.948199
26.955105,1.576788,6.742762,-7.432765,-1.605968,3.810807,-8.878017
26.988483,2.707939,6.365063,-7.722923,-1.272115,3.761575,-8.860957
27.021807,2.779169,5.729828,-8.08446,-1.362349,3.895356,-8.985011
27.055443,2.315276,5.351082,-7.855058,-1.261789,3.848966,-8.911836
27.088532,1.173201,5.561779,-8.013529,-1.432532,3.690045,-8.906
27.121811,1.19445,5.479326,-8.515282,-1.354418,3.780729,-8.896423
27.155047,1.60118,5.249924,-8.519173,-1.372974,3.737931,-8.888941
27.188511,2.59406,4.638482,-8.684528,-1.482662,3.745862,-8.883404
27.221815,1.962418,4.990293,-8.727925,-1.410834,3.785218,-8.905701
27.255538,1.258198,4.938816,-8.418912,-1.291269,3.78851,-8.911686
27.288481,0.199025,5.353925,-8.443603,-1.388537,3.770703,-8.900762
27.321768,-0.093976,5.458975,-8.54132,-1.369682,3.79689,-8.884451
27.355072,-0.736094,5.91374,-8.279445,-1.261041,3.798387,-8.95194
27.388481,-1.552546,6.439136,-7.693144,-1.366988,3.810508,-8.894926
27.421897,-3.035208,7.095021,-6.510965,-1.329278,3.810957,-8.932038
27.455139,-6.557952,14.38368,-6.295778,-1.385694,3.829812,-8.903905
27.488482,-2.299563,0.451922,-14.04833,-1.480567,3.816344,-8.88505
27.521822,1.135191,2.736221,-7.049081,-1.469194,3.73853,-8.985011
27.555138,1.335114,4.532835,-10.374147,-1.612103,3.785218,-8.89328
27.588475,-0.380692,3.661763,-8.879812,-1.359656,3.847769,-8.882356
27.621825,0.749412,3.953118,-8.66702,-1.340202,3.824425,-8.975285
27.655152,-0.200671,4.114582,-9.513401,-1.41218,3.898648,-8.95613
27.68868,0.677883,3.841334,-8.705778,-1.436572,3.876351,-8.980073
27.722009,0.200073,3.962994,-9.229528,-1.758754,3.650689,-8.971394
27.755351,0.506541,3.882337,-8.999078,-1.537731,3.567039,-8.994439
27.78867,0.331758,3.848368,-9.004465,-2.156654,0.938261,-10.365318
27.822007,0.418102,3.98589,-9.167576,-3.177069,-0.317243,-10.387316
27.855343,0.36887,3.93112,-9.020477,-2.914596,1.032237,-9.831093
27.888723,0.329963,3.995766,-9.134205,-1.510646,1.866048,-9.481826
27.922015,0.439052,3.957158,-9.026313,-0.56999,2.360767,-9.401168
27.955363,0.316644,3.975115,-9.099638,-0.715144,2.808948,-9.975797
27.988674,0.415558,3.965688,-9.079287,-0.727414,2.02437,-9.858178
28.021994,0.315447,3.914809,-9.009403,-0.930929,1.493886,-9.844561
28.055371,0.448181,3.950873,-9.093353,-1.277352,2.077194,-10.630934
28.088664,0.357796,3.915707,-9.047712,-2.762858,4.285774,-10.912562
28.121997,0.24736,3.937854,-9.104277,-1.472038,2.764354,-9.056541
28.155345,0.375903,3.884432,-9.048759,-1.797212,2.783957,-8.66702
28.188682,0.357647,3.928876,-9.051004,-2.023322,3.362477,-8.626766
28.222008,0.302728,3.976612,-9.138844,-1.700094,3.874705,-8.882207
28.255343,0.479456,3.947282,-8.933983,-2.935246,4.158577,-8.690813
28.288706,0.07542,3.946833,-9.134804,-1.813822,3.209093,-7.414209
28.322106,0.682073,3.955662,-9.051752,-3.006626,3.099255,-7.965494
28.355368,0.38548,3.927379,-9.081232,-3.385372,3.783572,-8.85557
28.388761,0.441297,3.971524,-9.099339,1.520223,5.844156,-5.430393
28.422064,0.269806,3.901641,-8.971095,3.278976,14.339236,7.713046
28.455367,0.786074,4.032728,-9.074947,-7.653189,21.53781,-48.675558
28.488674,0.211146,3.09297,-8.738101,5.443861,4.448286,-8.24398
28.521898,0.819594,3.087433,-9.242996,-3.484885,3.461391,-8.292314
28.555363,-0.00853,4.918315,-8.983066,-0.531981,3.674931,-9.258708
28.588666,0.008081,5.510302,-8.708471,-0.590042,3.422933,-9.160842
28.622014,1.364893,5.388942,-8.731816,-1.653405,3.745862,-8.782395
28.655342,0.446086,5.49444,-8.432829,-1.845995,3.779382,-8.811575
28.688705,-0.203065,3.906728,-10.114217,-1.166167,3.70486,-9.049208
28.722011,-2.06193,0.053423,-11.809821,-1.104964,3.674034,-9.036189
28.755348,-2.892149,2.01165,-11.790368,-1.33691,3.772798,-8.891335
28.788674,0.640173,2.884517,-9.485866,-1.372375,3.798537,-8.892831
28.821997,1.937727,2.990465,-8.454527,-1.260592,3.736285,-8.972741
28.855442,-0.043396,5.116741,-8.170655,-1.205374,3.694235,-8.899715
28.888676,0.210548,5.77951,-9.292827,-1.224079,3.820684,-8.902857
28.921821,0.317542,6.420281,-8.120524,-1.297853,3.787164,-8.906449
28.95514,0.285668,7.370364,-6.506326,-1.099277,3.454058,-8.933834
28.988488,1.938475,8.284234,-7.525544,-1.049596,3.426973,-8.985311
29.021821,4.179079,6.262108,-6.807707,-1.126213,3.602355,-8.958674
29.055124,5.92197,7.330409,-6.539696,-1.348732,3.669844,-8.967803
29.088529,4.033626,7.725916,-8.12636,-1.392128,3.616271,-8.976033
29.121855,3.06379,7.905936,-8.425945,-1.136688,3.597267,-8.963014
29.15505,0.217431,6.693379,-7.438901,-1.183975,3.572276,-8.978128
29.188475,0.663218,6.231432,-8.026099,-1.343494,3.552524,-8.944159
29.221808,0.950981,5.965366,-8.166614,-1.311171,3.659818,-9.014641
29.255151,0.393561,5.764246,-8.040465,-1.519026,3.527832,-8.927848
29.288483,-1.466052,5.27641,-8.552543,-1.330326,3.561053,-8.99833
29.321802,-5.273118,6.077748,-8.357708,-1.396767,3.457201,-8.989201
29.355151,-6.895996,7.026933,-6.996257,-1.564517,3.504189,-8.949396
29.388753,-9.888705,8.514384,-8.527553,-1.128009,3.598464,-8.974088
29.421155,0.690602,1.608362,-10.762171,-1.316559,3.574671,-8.99833
29.454491,1.991149,3.389862,-7.369765,-2.075248,3.770703,-8.914679
29.487827,0.776048,4.376458,-7.022893,-1.666424,3.689896,-9.007009
29.521179,0.154432,4.753408,-8.825791,-0.864787,3.716083,-9.019579
29.55448,0.297341,4.012825,-9.14917,-0.915665,3.905232,-9.064023
29.587821,0.245115,3.879942,-9.075097,-1.423853,3.935011,-8.785238
29.621731,0.234191,3.950275,-9.110562,-1.141027,3.748406,-8.944907
29.654483,0.438753,3.962845,-9.05669,-1.439416,3.954165,-9.214713
29.688707,0.21803,3.895505,-9.084823,-1.671811,3.219568,-9.180744
29.721703,0.309162,3.88937,-9.111759,-2.207682,3.850762,-9.110113
29.755136,0.366925,3.89356,-9.083477,-3.532771,1.804544,-9.811938
29.788466,0.348369,3.901491,-9.073151,-4.165311,0.336547,-9.811041
29.82171,0.242422,3.941595,-9.122384,-4.274551,0.426333,-10.251889
29.855136,0.323977,3.934113,-9.036339,-3.016503,-0.099812,-10.457947
29.888471,0.362286,3.925284,-9.083626,-1.252063,0.549938,-10.084438
29.921702,0.224764,3.927978,-9.104427,-0.411069,0.277588,-8.896872
29.955133,0.326072,3.902838,-9.082279,-0.268908,1.207768,-9.151115
29.988477,0.362435,3.916605,-9.106522,-0.534375,3.253088,-10.06289
30.021803,0.285818,3.921393,-9.083327,0.386079,4.182969,-10.311746
30.055135,0.282676,3.933514,-9.137647,-1.426845,4.42165,-9.215013
30.088462,0.440549,3.8976,-9.073151,-1.008444,3.923488,-8.816065
30.121852,0.297341,3.857496,-9.053847,-0.864188,4.436016,-7.956815
30.155125,0.297939,3.940398,-9.106073,-0.649151,4.89512,-8.014278
30.188463,0.150092,3.835798,-9.146626,0.387126,5.868996,-8.593546
30.2218,0.503399,3.779682,-8.963912,-1.173799,5.917481,-8.190108
30.255134,0.201719,3.840287,-9.149469,-1.455577,6.294282,-7.834856
30.288461,0.418851,3.851809,-9.132709,-1.879066,6.746952,-7.535271
30.321799,0.395506,3.842831,-9.050256,-1.803497,6.664648,-7.502798
30.355122,0.322032,3.866175,-9.117894,-2.562336,6.605539,-7.220871
30.388238,0.438005,3.748556,-9.030802,-2.190623,11.403092,-4.778399
30.421794,0.564902,4.04874,-8.812623,-5.196351,-1.472487,-10.910617
30.455123,0.393262,3.07217,-9.221896,-1.716105,3.023835,-8.669714
30.488462,-0.046988,3.34452,-9.42571,-0.541558,2.873444,-9.402066
30.521809,0.260977,3.533669,-10.292592,-1.870387,3.697228,-9.002819
30.555136,0.74178,4.414168,-9.561735,-2.272777,3.699024,-8.735856
30.588461,0.019454,4.327824,-8.902558,-1.210163,3.644255,-9.026163
30.621817,-4.094979,3.857945,-10.076208,-1.162726,3.513167,-8.990548
30.655119,-5.056286,3.392855,-10.968229,-1.282739,3.843579,-8.933235
30.688482,0.158023,5.12991,-7.609344,-1.419363,3.602504,-8.913183
30.721805,4.975628,5.063019,-6.858585,-1.422057,3.761724,-9.0317
30.754673,6.212277,7.148444,-7.622662,-1.448693,3.535015,-8.933684
30.788483,3.732544,5.470647,-8.623624,-1.384347,3.542497,-8.937425
30.821829,3.526336,6.028965,-6.965879,-1.347385,3.5624,-8.987555
30.855342,4.074628,6.312239,-6.834044,-1.172602,3.440291,-8.942064
30.888301,4.553485,6.418785,-6.266897,-1.320749,3.566889,-9.075097
30.921626,2.832741,8.07608,-7.20007,-1.692911,3.724164,-8.907646
30.954958,0.641819,7.464041,-6.609879,-1.402603,3.7719,-9.033645
30.98829,0.057912,7.876905,-6.409207,-1.800504,3.762922,-8.770723
31.021624,-0.045342,7.381438,-7.069432,-1.656996,3.719076,-8.789877
31.054959,2.171918,6.793042,-7.49367,-1.440463,3.730898,-8.952988
31.088292,4.614839,6.226942,-7.079907,-1.542968,3.794496,-8.92276
31.121622,3.994569,5.876479,-7.450722,-1.689469,3.606694,-8.896572
31.15496,1.381504,6.064879,-7.434411,-1.382402,3.693338,-8.906299
31.188305,0.268609,6.308947,-8.145963,-1.369981,3.795843,-8.950743
31.221629,-0.581961,6.282161,-7.898005,-1.422805,3.768009,-8.920964
31.254967,-0.5869,6.013551,-8.100771,-1.47099,3.711145,-8.880112
31.288286,0.040853,6.025822,-8.332269,-1.198041,3.76352,-8.904204
31.321621,0.802535,5.627922,-8.16407,-1.473983,3.678972,-8.894029
31.355156,-0.222369,5.345246,-9.00237,-1.490893,3.601756,-8.893131
31.388482,-1.815768,5.301101,-8.375965,-1.474881,3.740325,-8.892083
31.421827,-1.401556,5.461668,-7.695389,-1.442857,3.736135,-8.92695
31.455145,-0.784877,5.633608,-7.791609,-1.409337,3.745713,-8.953287
31.48848,-2.588823,6.770445,-6.954357,-1.388537,3.734789,-8.872779
31.521814,-5.619542,11.624114,-5.50701,-1.366839,3.731646,-8.92276
31.555154,0.032323,3.923189,-9.848302,-1.649664,3.665055,-8.992943
31.588541,2.802363,3.873358,-10.85914,-1.716854,3.781028,-9.047562
31.621811,1.230514,3.808263,-8.656246,-1.275556,3.783123,-9.166079
31.655149,0.173885,3.744815,-9.227732,-1.619286,3.569433,-9.0736
31.688488,0.698533,3.919897,-9.220549,-1.164821,4.068044,-8.973938
31.721773,0.145004,3.711295,-8.957627,-1.728226,3.368313,-9.133008
31.755149,0.479306,3.911966,-9.220998,-1.429689,3.561951,-9.268136
31.788526,0.508786,3.82233,-9.055044,-2.108918,0.564752,-10.185148
31.821738,0.180469,3.845973,-9.163087,-2.836632,-0.966245,-10.535163
31.854427,0.440549,3.857496,-9.151265,-3.071571,-1.007396,-10.723114
31.887772,0.268459,3.777437,-9.064771,-2.381119,-0.106097,-11.171295
31.921115,0.396404,3.812902,-9.102631,-1.752469,0.751058,-10.633029
31.954435,0.268459,3.803475,-9.102631,-1.729573,2.319316,-11.096623
31.987756,0.374706,3.838192,-9.159196,-1.26553,2.544978,-9.976246
32.021054,0.352559,3.800632,-9.103978,-1.1943,1.446748,-8.408886
32.054431,0.445038,3.828615,-9.092006,-0.854312,0.273547,-7.80388
32.087753,0.223866,3.810508,-9.161141,-2.117148,2.500085,-10.371154
32.121092,0.443093,3.794496,-9.081232,-1.915579,2.409102,-9.346698
32.154432,0.407927,3.814249,-9.104427,-1.456475,3.21882,-9.578495
32.187778,0.228505,3.790157,-9.175956,-1.675103,4.606309,-10.02488
32.221097,0.196182,3.746162,-9.143783,-0.329663,3.07621,-7.581361
32.254416,0.583009,3.768159,-9.022721,-1.614947,3.760827,-6.810101
32.287738,0.245115,3.755439,-9.172065,-3.754841,6.539546,-8.992194
32.321091,0.545299,3.67538,-9.030204,-4.237739,6.019986,-7.440247
32.354428,0.447582,3.651587,-9.015239,-0.838599,8.528301,-5.133501
32.387684,0.290607,3.886676,-9.20783,0.574479,11.567549,0.219825
32.422038,0.563406,3.734489,-9.007458,-2.225939,3.694834,-4.444994
32.454447,0.332656,3.29843,-9.331734,0.906387,4.484799,0.625508
32.487801,-0.040104,4.276197,-11.656288,-1.180683,2.713625,-8.599382
32.521088,-0.822737,1.37462,-10.495358,-1.542669,3.242314,-8.813521
32.554356,0.016311,5.852835,-9.900976,-1.364444,3.676877,-9.069709
32.588706,1.372824,7.166999,-8.677196,-1.667621,3.696929,-8.970945
32.622054,1.026251,0.763927,-11.57982,-1.560028,3.842532,-8.846292
32.655343,-0.185857,3.699323,-9.016885,-1.273761,3.527234,-8.843749
32.688857,-1.217196,2.371691,-6.258517,-1.334516,3.587241,-8.945057
32.722039,3.349159,4.178181,-8.954634,-1.259395,3.674034,-9.025116
32.755361,2.842318,5.144874,-7.633885,-1.840459,3.791354,-8.871732
32.788707,3.622407,5.521525,-6.485376,-2.141989,3.761425,-8.838511
32.821616,2.276369,7.990335,-5.437127,-1.67211,3.61253,-8.853026
32.85477,1.743191,8.617937,-6.264503,-1.327183,3.579759,-8.911686
32.888154,2.642994,7.000746,-6.302662,-1.598037,3.779382,-8.900912
32.921433,3.785069,7.309908,-6.594914,-1.37896,3.630787,-8.97289
32.954775,3.702167,6.339324,-7.315744,-1.398713,3.552224,-8.8849
32.988163,3.407968,6.411003,-6.905573,-1.356364,3.634229,-8.91842
33.021444,3.463486,6.203598,-7.26322,-1.27391,3.650091,-8.976183
33.054767,2.581939,6.017592,-7.906385,-1.564218,3.678822,-8.897919
33.088102,2.730535,6.036896,-7.82872,-1.535486,3.625699,-8.911387
33.121439,2.106075,5.983174,-7.237331,-1.464406,3.643207,-8.922461
33.154779,1.837915,6.077299,-7.717685,-1.397665,3.575269,-8.950594
33.188116,0.624011,6.091815,-7.302725,-1.544614,3.740774,-8.881608
33.221428,0.551135,6.786308,-8.195495,-1.443456,3.764717,-8.848088
33.254766,0.193339,6.247443,-7.360338,-1.506904,3.776389,-8.876969
33.28811,-2.801915,7.111931,-7.972378,-1.52965,3.768907,-8.903456
33.321823,-3.353947,7.038755,-7.479903,-1.467997,3.737482,-8.917074
33.355147,-4.620825,7.930029,-7.042796,-1.391081,3.744067,-8.93937
33.388483,-7.271001,14.846077,-5.470946,-1.515883,3.747359,-8.919767
33.421717,-0.853114,1.137436,-8.222132,-1.664179,3.809909,-8.904204
33.455155,1.199239,2.756573,-7.813756,-1.996985,3.754691,-8.860359
33.488484,1.193403,4.244473,-8.942962,-1.539826,3.869617,-9.07345
33.521822,0.251699,3.710995,-8.684828,-0.914318,3.776539,-9.019429
33.554689,0.335051,4.028538,-9.407304,-1.487451,3.942942,-8.690065
33.587879,0.295994,3.733292,-8.825791,-1.434777,3.791204,-8.636942
33.621107,0.344478,3.933365,-9.229827,-1.874128,4.066248,-8.560474
33.654543,0.252298,3.830411,-9.082579,-1.583671,4.068343,-8.485653
33.687899,0.409273,3.839539,-9.096196,-1.390782,4.156632,-8.828036
33.721214,0.387875,3.821133,-9.143783,-1.491791,4.106951,-8.684528
33.754549,0.450126,3.890567,-9.047413,-1.886399,4.230406,-8.380304
33.78787,0.443991,3.803624,-9.075545,-1.895826,4.121765,-8.691562
33.821204,0.415558,3.854204,-8.950145,-1.402753,4.197335,-8.596239
33.854535,0.385181,4.121466,-9.409698,-1.243084,4.055174,-8.864848
33.887872,0.704519,3.806019,-8.768927,-1.195049,4.32513,-8.579329
33.92121,-0.410022,3.674632,-8.906299,-2.605134,4.27904,-8.341696
33.954535,0.523152,4.137478,-8.994589,-2.074051,4.213646,-8.802148
33.987871,0.391017,3.984243,-9.088564,-1.713711,3.86423,-8.769825
34.021208,0.589892,4.070288,-9.013593,-1.844349,4.434369,-8.632752
34.054565,0.292253,4.02764,-9.018531,-2.308242,4.108896,-8.510194
34.087883,0.201868,4.078519,-9.166229,-1.995788,4.093184,-8.577234
34.121207,0.582111,3.770553,-8.847789,-1.843302,4.122962,-8.54536
34.154516,0.398499,4.005493,-9.088564,-1.721343,3.945636,-8.85587
34.18787,0.615332,3.969578,-9.066417,-1.936829,3.976462,-8.819207
34.221207,0.647206,3.836546,-8.953586,-1.567061,3.895056,-8.748276
34.254543,0.413912,3.927379,-9.021075,-1.952092,3.691392,-8.87248
34.287886,0.358096,3.835049,-8.927997,-1.938924,4.121316,-8.650559
34.321204,-0.014815,4.044849,-9.309587,-1.858715,4.066547,-8.606265
34.35452,0.95128,3.883384,-8.876969,-1.740497,3.968232,-8.681236
34.387867,0.281778,3.855999,-9.138545,-1.772521,3.889519,-8.816214
34.421205,0.428278,4.00654,-9.122683,-1.742442,3.866624,-8.845844
34.45454,-0.063299,3.839688,-9.091258,-1.873081,3.843729,-8.68812
34.487883,0.474817,3.906429,-9.034992,-1.76848,3.921693,-8.800951
34.521196,0.547843,3.891315,-9.045617,-1.678096,4.06969,-8.686474
34.554544,0.472273,3.967932,-9.005812,-1.727478,3.859292,-8.675699
34.587891,0.554128,3.983046,-9.059384,-1.116636,4.036918,-8.924705
34.62125,0.348967,3.970476,-9.14483,-1.467249,3.743618,-8.840905
34.654624,0.38548,3.922591,-9.063873,-1.74364,3.921543,-8.81367
34.687825,0.539014,3.867522,-8.937275,-1.700243,3.869318,-8.794965
34.721141,0.357048,3.808263,-9.017933,-1.52142,3.959103,-8.808283
34.754534,0.396105,3.879793,-9.084374,-1.648018,3.896253,-8.787183
34.787845,0.458057,3.949526,-9.05699,-1.731818,3.883085,-8.759799
34.821215,0.310359,3.883534,-9.080184,-1.453931,3.892662,-8.870984
34.854539,0.397901,3.905681,-9.078987,-1.465902,3.880391,-8.83058
34.88788,0.443392,3.923788,-9.063125,-1.745286,3.878446,-8.785088
34.921206,0.41481,3.967035,-9.097244,-1.498076,3.832356,-8.884751
34.954516,0.352708,3.908075,-9.06956,-1.484608,3.945037,-8.833573
34.987874,0.445188,3.947731,-9.051303,-1.541173,3.9187,-8.823098
35.021221,0.355252,3.892961,-9.039481,-1.650861,3.96075,-8.734958
35.05447,0.278785,3.912265,-9.031251,-1.491791,3.96075,-8.807685
35.087874,0.369468,3.943241,-9.053698,-1.632156,3.957158,-8.760846
35.121277,0.378597,3.988882,-9.07779,-1.667322,4.013125,-8.726428
35.15444,0.334302,3.951621,-9.040828,-1.655201,3.991726,-8.740345
35.187873,0.401642,3.957607,-9.054745,-1.657146,3.957607,-8.739148
35.221225,0.348668,3.94369,-9.04442,-1.648467,3.996215,-8.749922
35.254437,0.312155,3.947282,-9.058336,-1.621381,3.963293,-8.757554
35.287866,0.371863,3.967184,-9.041427,-1.65131,4.017315,-8.713709
35.322013,0.371414,3.941146,-9.04023,-1.595343,3.976911,-8.77177
35.354495,0.338642,3.955213,-9.058187,-1.604322,3.940548,-8.825342
35.387868,0.446983,3.976612,-9.085721,-1.664628,3.975265,-8.810228
35.421213,0.303177,3.961348,-9.076892,-1.585168,3.920944,-8.80559
35.454441,0.326521,3.845375,-9.076144,-1.642331,3.955213,-8.765336